object_type,COM_x,COM_y,COM_z,x,y,z,orient_x,orient_y,orient_z,orient_w,held_fixed
master_chef_can,-0.015,-0.01,0.06,0.12886401200865838,-0.07205720760159581,0.062142106931570316,0.0002250911164163564,0.0008599385529101889,-0.002834099838095333,0.999995588849162,0
