object_type,COM_x,COM_y,COM_z,x,y,z,orient_x,orient_y,orient_z,orient_w,held_fixed
mustard_bottle,-0.005,-0.027,0.07,-0.1487017845532409,0.16880644103586565,0.03079271034625323,0.7091243604747287,-0.01986917618536346,0.020058281898453746,0.7045179362843108,0
