object_type,COM_x,COM_y,COM_z,x,y,z,orient_x,orient_y,orient_z,orient_w,held_fixed
pudding_box,0.0,0.0,0.015,-0.03925989595545446,-0.10904533286198487,0.017336191284809947,0.0008936129986129485,0.0039909369868616545,0.8789680625449238,-0.47686310289620726,0
