object_type,COM_x,COM_y,COM_z,x,y,z,orient_x,orient_y,orient_z,orient_w,held_fixed
sugar_box,-0.005,-0.01,0.12,0.0217998028232047,-0.044316019463372214,0.01939375272104576,0.03797030161654369,0.7290800072017928,-0.007545454995125241,0.6833327633025502,0
