start_x,start_y,start_z,end_x,end_y,end_z,object_index,side_index
0.02522743031141577,0.13484348626611073,0.03099192639292242,0.024974666535615496,0.034843805743357076,0.030989513749679443,0,0
-0.002272444340411319,0.1349129962109595,0.03099187375358189,-0.0025252081162115926,0.034913315688205854,0.03098946111033891,0,0
-0.02977231899223841,0.13498250615580826,0.03099182111424136,-0.030025082768038683,0.034982825633054604,0.030989408470998382,0,0
0.07760716204225152,0.08721083212816658,0.030990880878200455,-0.022392518509411416,0.08746359590865813,0.030990689462155684,0,1
0.07755028992729449,0.06471079901088245,0.03099033803093751,-0.022449390624368445,0.064963562791374,0.030990146614892737,0,1
0.07749341781233747,0.04221076589359833,0.030989795183674566,-0.02250626273932546,0.04246352967408988,0.030989603767629794,0,1
