object_type,COM_x,COM_y,COM_z,x,y,z,orient_x,orient_y,orient_z,orient_w,held_fixed
pudding_box,0.0,0.0,0.015,-0.01188307929886818,0.04727759659456963,0.01598974087686523,1.2061997004805256e-05,-9.723251922973222e-07,-0.001263819900134805,0.9999992013060924,0
