start_x,start_y,start_z,end_x,end_y,end_z,object_index,side_index
0.5395067041829055,-0.029423349191658673,-0.1463262439153136,0.6053618390348164,-0.00877009298719842,-0.13464103010513678,0,0
0.5514209296430059,-0.0688352267697451,-0.14381275282604744,0.6172760644949169,-0.04818197056528485,-0.13212753901587063,0,0
0.5633351551031065,-0.10824710434783155,-0.14129926173678128,0.6291902899550175,-0.0875938481433713,-0.12961404792660447,0,0
0.7541638677016376,-0.1176989789466795,-0.10679742099523701,0.7339457881329822,-0.05081821699598736,-0.11106273920732503,0,1
0.7047725165627043,-0.1331889211000247,-0.11556133135286961,0.6845544369940489,-0.06630815914933255,-0.11982664956495763,0,1
0.6553811654237711,-0.14867886325336988,-0.12432524171050224,0.6351630858551156,-0.08179810130267776,-0.12859055992259025,0,1
