object_name,placeholder_com_x,placeholder_com_y,placeholder_com_z,x,y,z,orn_x,orn_y,orn_z,orn_w,held_fixed
cracker_box,0.0,0.0,0.0,0.57133024931,-0.0495160706341,-0.170401126146,-0.11736702919,0.63463306427,0.0922239124775,0.758261501789,0

