object_name,placeholder_com_x,placeholder_com_y,placeholder_com_z,x,y,z,orn_x,orn_y,orn_z,orn_w,held_fixed
mustard_bottle,0.0,0.0,0.0,0.793621301651,-0.170472741127,-0.157639428973,0.53935188055,0.531553506851,-0.496944993734,-0.423787653446,0
sugar_box,0.0,0.0,0.0,0.845233261585,-0.174253046513,-0.153563678265,-0.583042621613,0.399944365025,0.465496629477,0.53237080574,0
cracker_box,0.0,0.0,0.0,0.57133024931,-0.0495160706341,-0.170401126146,-0.11736702919,0.63463306427,0.0922239124775,0.758261501789,0

