start_x,start_y,start_z,end_x,end_y,end_z,object_index,side_index
-0.05826595548203153,-0.20662942592773595,0.05798742304119954,-0.0584484905670151,-0.10662959253431807,0.05798891683402527,0,0
-0.0847659112998351,-0.2066777977050157,0.05798607188555606,-0.08494844638481867,-0.10667796431159783,0.05798756567838179,0,0
-0.11126586711763867,-0.2067261694822954,0.05798472072991258,-0.11144840220262224,-0.10672633608887754,0.05798621452273832,0,0
-0.16319014198165773,0.02564293062625017,0.05798454822734521,-0.06319030870692729,0.025825465634852943,0.05798964692788667,0,1
-0.183076057553543,-0.036856965244636025,0.05798361460682918,-0.08307622427881256,-0.03667443023603324,0.05798871330737062,0,1
-0.18296197312542828,-0.0993568611155222,0.05798268098631309,-0.08296213985069784,-0.09917432610691941,0.05798777968685454,0,1
