start_x,start_y,start_z,end_x,end_y,end_z,object_index,side_index
-0.06851163408224609,-0.1414188603007351,0.0779886670377584,-0.06850435465682321,-0.04141886056634614,0.07798903058966052,0,0
-0.09501163397602344,-0.14141693124797816,0.07798728553297697,-0.09500435455060056,-0.04141693151358919,0.07798764908487908,0,0
-0.1215116338698008,-0.14141500219522124,0.07798590402819554,-0.12150435444437792,-0.04141500246083227,0.07798626758009765,0,0
-0.016996165509655152,0.0710773902209931,0.07799212439672941,-0.116996165108815,0.07108466966535891,0.07798691117113908,0,1
-0.01700071515054445,0.008577390386999978,0.07799189717679059,-0.1170007147497043,0.00858466983136579,0.07798668395120027,0,1
-0.01700526479143375,-0.05392260944699314,0.07799166995685178,-0.11700526439059361,-0.053915330002627326,0.07798645673126146,0,1
