object_type,COM_x,COM_y,COM_z,x,y,z,orient_x,orient_y,orient_z,orient_w,held_fixed
bleach_cleanser,-0.025,0.012,0.1,-0.09800190909197472,-0.016416669615972018,0.035987583592472824,-0.7071054957975683,7.3051062997856195e-06,-4.416827152186622e-05,0.7071080651560088,0
