object_type,COM_x,COM_y,COM_z,x,y,z,orient_x,orient_y,orient_z,orient_w,held_fixed
bleach_cleanser,-0.025,0.012,0.1,-0.08802997065546096,-0.06168333496314755,0.03598808494107401,-0.7071011886297678,-0.0006633809169454951,0.0006273373149957592,0.7071117842406686,0
