start_x,start_y,start_z,end_x,end_y,end_z,object_index,side_index
-0.16310373816268364,0.006139552724648702,0.06298906426172099,-0.06310378229973856,0.00623350699036806,0.06298913490155643,0,0
-0.16308142402481052,-0.017610436790516007,0.0629893941364666,-0.06308146816186543,-0.01751648252479665,0.06298946477630205,0,0
-0.16305910988693734,-0.04136042630568071,0.06298972401121221,-0.06305915402399224,-0.04126647203996136,0.06298979465104765,0,0
-0.09414957132130707,0.05495435964649105,0.06298843589188753,-0.0940556170565779,-0.04504559620683404,0.06298982483818479,0,1
-0.05014959074161121,0.05499569952340756,0.06298846697341513,-0.050055636476882034,-0.04500425632991753,0.06298985591971237,0,1
-0.006149610161915384,0.055037039400324075,0.06298849805494273,-0.006055655897186209,-0.04496291645300102,0.06298988700123997,0,1
