object_type,COM_x,COM_y,COM_z,x,y,z,orient_x,orient_y,orient_z,orient_w,held_fixed
sugar_box,-0.005,-0.03,0.12,-0.0820697118954949,-0.03003439776091471,0.02798962497350399,0.000327267978108339,-0.7071069552018617,0.0003370890758293567,0.7071064510890689,0
