start_x,start_y,start_z,end_x,end_y,end_z,object_index,side_index
-0.01922535808370959,0.13165036342706626,0.030990031816584322,-0.01922528951913377,0.03165036342718103,0.03098989670698928,0,0
-0.026725358083003324,0.1316503582845842,0.030990134615234324,-0.026725289518427505,0.031650358284698976,0.03098999950563928,0,0
-0.03422535808229707,0.1316503531421021,0.030990237413884326,-0.03422528951772125,0.03165035314221687,0.030990102304289283,0,0
0.01327471733426332,0.021650385711281528,0.030989437735213097,-0.0867252826563198,0.02165031714485382,0.030990808383879798,0,1
0.013274775614152768,-0.0633496142886209,0.03098932289205731,-0.08672522437643035,-0.06334968285504859,0.03099069354072401,0,1
0.013274833894042215,-0.14834961428852333,0.030989208048901522,-0.0867251660965409,-0.14834968285495104,0.030990578697568223,0,1
