start_x,start_y,start_z,end_x,end_y,end_z,object_index,side_index
0.04825898063523208,0.1022224444778273,0.030990038367210666,0.048259036687190025,0.0022224444779309904,0.030989905714385653,0,0
0.04075898063571053,0.10222244027381822,0.030990122978222123,0.040759036687668476,0.002222440273921905,0.030989990325397114,0,0
0.03325898063618897,0.10222243606980913,0.03099020758923358,0.03325903668814691,0.00222243606991282,0.03099007493640857,0,0
0.08075904229031255,-0.00777753730468593,0.030989525801386836,-0.019240957703308165,-0.007777593358140378,0.030990653948206274,0,1
0.08075908993447681,-0.09277753730459777,0.030989413046485576,-0.019240910059143912,-0.09277759335805223,0.030990541193305014,0,1
0.08075913757864106,-0.17777753730450965,0.030989300291584317,-0.01924086241497966,-0.17777759335796411,0.030990428438403758,0,1
