object_type,COM_x,COM_y,COM_z,x,y,z,orient_x,orient_y,orient_z,orient_w,held_fixed
hammer,-0.0345,0.0775169,0.015,0.03625920449921789,0.00473931785368501,0.015990044429775207,6.632625441714647e-07,5.640734283176212e-06,2.802635310089171e-07,0.9999999999838318,0
