object_type,COM_x,COM_y,COM_z,x,y,z,orient_x,orient_y,orient_z,orient_w,held_fixed
hammer,-0.0345,0.0775169,0.015,-0.031225085646391662,0.03416723493290859,0.01599006458397998,6.755456257539545e-07,6.853243565260158e-06,3.4282750878719586e-07,0.9999999999762296,0
