start_x,start_y,start_z,end_x,end_y,end_z,object_index,side_index
-0.028745773689360408,0.08215572382420624,0.030986627998741453,-0.028721373393172014,-0.017844273159624086,0.03098943147349098,0,0
-0.05524577284339208,0.08214925779450158,0.030988367763292654,-0.05522137254720368,-0.01785073918932875,0.030991171238042185,0,0
-0.08174577199742375,0.08214279176479689,0.03099010752784386,-0.08172137170123535,-0.017857205219033445,0.03099291100259339,0,0
0.022766790819124957,0.030668291435261574,0.030984690736373798,-0.07723320598854172,0.03064389132316847,0.030991255885623625,0,1
0.022773256897614884,0.0041682922345465355,0.030985433657182423,-0.0772267399100518,0.004143892122453431,0.03099199880643225,0,1
0.022779722976104803,-0.022331706966168506,0.030986176577991048,-0.07722027383156188,-0.022356107078261606,0.030992741727240876,0,1
