object_type,COM_x,COM_y,COM_z,x,y,z,orient_x,orient_y,orient_z,orient_w,held_fixed
master_chef_can,-0.015,-0.01,0.06,-0.05322280199721129,0.004151431195301316,0.06099042301773031,-1.402137842684332e-05,3.282403589182794e-05,0.00012200102168941562,0.9999999919208671,0
