start_x,start_y,start_z,end_x,end_y,end_z,object_index,side_index
0.08338246769507714,0.17372767705535178,0.06802230628193705,0.08338316154641717,0.0737276770602774,0.06802301599725125,0,0
0.05838255020354631,0.17372750358863798,0.06802167909239777,0.05838324405488635,0.0737275035935636,0.06802238880771197,0,0
0.033382632712015484,0.1737273301219242,0.06802105190285848,0.03338332656335553,0.07372733012684983,0.06802176161817267,0,0
-0.016616122570051545,0.006226983196174624,0.06802098629486149,0.08338387739607164,0.006227677065319554,0.06802349506129753,0,1
-0.016616452149438063,0.053726983193834954,0.06802064918008723,0.08338354781668512,0.0537276770629799,0.06802315794652328,0,1
-0.01661678172882458,0.10122698319149526,0.06802031206531299,0.0833832182372986,0.1012276770606402,0.06802282083174903,0,1
