start_x,start_y,start_z,end_x,end_y,end_z,object_index,side_index
0.1059842173120539,0.018110610324505075,0.0680219655161649,0.10597714958065031,-0.08188938941544181,0.06802340001820227,0,0
0.08098429988871857,0.018112377239426457,0.06802112217008982,0.08097723215731498,-0.08188762250052042,0.06802255667212717,0,0
0.055984382465383245,0.018114144154347835,0.06802027882401473,0.05597731473397965,-0.08188585558559905,0.06802171332605209,0,0
0.0059726266686118135,-0.14938232157438963,0.06802099491999407,0.10597262636195211,-0.14938938925739847,0.06802436831542663,0,1
0.005975983841028529,-0.10188232169791482,0.06802031353152632,0.10597598353436882,-0.10188938938092369,0.06802368692695888,0,1
0.00597934101344523,-0.05438232182144005,0.06801963214305858,0.10597934070678552,-0.05438938950444893,0.06802300553849114,0,1
