object_type,COM_x,COM_y,COM_z,x,y,z,orient_x,orient_y,orient_z,orient_w,held_fixed
mustard_bottle,-0.005,-0.027,0.07,0.05820464173064738,0.07872731073115677,0.03102234883428464,0.7071042719304242,-6.416671089159184e-06,1.1323003916214166e-05,0.707109290313994,0
