object_type,COM_x,COM_y,COM_z,x,y,z,orient_x,orient_y,orient_z,orient_w,held_fixed
mustard_bottle,-0.005,-0.027,0.07,0.08079925133382501,-0.07688799722497766,0.031022478918523416,0.7071017084741902,-3.691469318163665e-05,-1.3061543787668661e-05,0.707111852778316,0
