start_x,start_y,start_z,end_x,end_y,end_z,object_index,side_index
-0.11719233607491031,0.10189581569845983,0.08099202771416227,-0.017192497334111156,0.10171623080464098,0.08099098844653874,0,0
-0.11726641484899047,0.06064588221891257,0.08099150987565937,-0.017266576108191323,0.060466297325093725,0.08099047060803585,0,0
-0.11734049362307064,0.0193959487393653,0.08099099203715648,-0.01734065488227149,0.019216363845546452,0.08098995276953297,0,0
-0.03957348604999558,0.1680065305698716,0.0809920539617738,-0.039753070956856575,0.0680066918315752,0.08099079859570621,0,1
0.012926429288923971,0.1679122485006167,0.08099150834627146,0.012746844382062987,0.0679124097623203,0.08099025298020388,0,1
0.06542634462784354,0.16781796643136182,0.08099096273076911,0.06524675972098255,0.06781812769306542,0.08098970736470153,0,1
