object_type,COM_x,COM_y,COM_z,x,y,z,orient_x,orient_y,orient_z,orient_w,held_fixed
cracker_box,-0.01,-0.01,0.08,0.03773772112076976,0.06286764732499187,0.040989930396322614,-0.000630487073316454,-0.7071028257247547,-0.0006393704469398692,0.7071101664829528,0
